Top queries,Clicks,Impressions,CTR,Position
vat rate changes history,2,8,25%,10.5
maltese vat calculator,1,11,9.09%,4.64
switzerland vat calculator,1,10,10%,6.5
turkish vat number check,1,10,10%,26
iceland vat number check,1,9,11.11%,10.11
vat calculator lithuania,1,5,20%,8.8
swiss vat number checker,1,3,33.33%,19
vies provjera broja,1,1,100%,11
vat calculator malta,0,219,0%,5.07
vat hungary,0,199,0%,69.98
vat slovakia,0,138,0%,43.02
vat romania,0,122,0%,66.87
vat poland,0,119,0%,78
vat calculator,0,98,0%,17.55
croatia vat rate,0,76,0%,64.26
hungarian vat number,0,73,0%,64.25
momsnummer tyskland,0,65,0%,30.85
km kalkulaator,0,54,0%,21.17
malta vat calculator,0,53,0%,5.25
vat number norway,0,52,0%,35.75
vat czech republic,0,47,0%,43.28
vies malta,0,44,0%,9.52
vat rate malta,0,43,0%,42.42
malta vat rate,0,42,0%,43.69
current vat rates norway 2026 moms satser,0,40,0%,1.57
pvn kalkulators,0,36,0%,43.75
norwegian vat,0,35,0%,70.37
iceland standard vat rate 24%,0,33,0%,7.27
eu vat number norge,0,33,0%,27.06
momsräknare,0,33,0%,44.79
vat tax europe,0,32,0%,73.12
vat norway,0,32,0%,73.81
vat number switzerland,0,31,0%,43.32
european commission vat rates poland standard rate 23%,0,28,0%,4.75
vies,0,28,0%,83.39
vies databank,0,27,0%,42.3
malta vat,0,26,0%,73.96
skxxxxxxxxx,0,25,0%,7.12
standard vat rate hungary 27,0,25,0%,8.52
vat nummer,0,25,0%,73
poland standard vat rate 23%,0,24,0%,7
momsräknare finland,0,24,0%,10.12
vat number in norway,0,24,0%,29.83
käibemaksukalkulaator,0,24,0%,33.12
btw tarieven griekenland,0,24,0%,40.79
eu vat number norway,0,24,0%,45.04
norway vat number check,0,24,0%,46.17
poland vat rate,0,23,0%,41.52
vies check,0,23,0%,57.26
italian vat,0,23,0%,86.26
belgium vat rate,0,22,0%,34.68
norway vat number,0,22,0%,35.64
norwegian vat number,0,22,0%,37.41
stawka vat austria,0,22,0%,43.09
btw oostenrijk,0,22,0%,49.32
btw luxemburg,0,22,0%,67.32
austriacki vat,0,21,0%,41.14
vat number in switzerland,0,20,0%,31.45
vat gb,0,20,0%,36.8
vat id norway,0,20,0%,43.65
btw griekenland,0,20,0%,47.2
btw tarief kroatie,0,20,0%,58.35
uid-nummer prüfen vies,0,20,0%,59.45
btw tarieven luxemburg,0,20,0%,65.85
vat malta calculator,0,19,0%,5.47
vies provjera,0,19,0%,13
ust id prüfen vies,0,19,0%,59.95
btw polen,0,19,0%,60.53
how much is vat,0,19,0%,63.47
swiss vat calculator,0,18,0%,8.06
btw kroatie,0,18,0%,58.89
btw tarief roemenie,0,18,0%,58.94
hungary vat rate,0,18,0%,59.89
vat i norge,0,18,0%,66.61
value added tax in norway,0,18,0%,75.61
poland vat standard rate 23%,0,17,0%,5.29
vat calculator italy,0,17,0%,9.47
bulgaria vat rate,0,17,0%,43.18
norway vat code,0,17,0%,44.59
vat number check,0,17,0%,56.59
oostenrijk btw,0,17,0%,63.12
vat number romania,0,17,0%,65.53
vat registration threshold germany,0,17,0%,72.88
european commission vat rates poland standard rate 23,0,16,0%,5
provjera vies broja,0,16,0%,21.94
vies broj,0,16,0%,23.62
vat registration number norway,0,16,0%,52.31
what is the vat rate in northern ireland,0,16,0%,71.81
countries vat,0,16,0%,72.56
vat in norway,0,16,0%,78.31
northern ireland vat rate,0,16,0%,82
vat calculator switzerland,0,15,0%,9.6
виес проверка,0,15,0%,26.27
vat number in belgium,0,15,0%,27.13
vat number norway check,0,15,0%,32.07
norwegian vat number format,0,15,0%,34.67
norway vat number format,0,15,0%,38.8
vat validation,0,15,0%,54.8
estonia vat rate,0,15,0%,67.87
btw roemenie,0,15,0%,68.73
country vat,0,15,0%,72.8
vat in europe,0,15,0%,78.8
provjera vat broja,0,14,0%,21.36
comment obtenir un numéro de tva au royaume-uni,0,14,0%,37.5
vat check,0,14,0%,41.86
norway vat id,0,14,0%,44.43
swiss vat,0,14,0%,65.57
vat italy,0,14,0%,70.29
vat number germany,0,14,0%,74.21
german vat registration threshold,0,14,0%,83.14
netherlands standard vat rate 21%,0,13,0%,5.38
vies αφμ,0,13,0%,32.08
виес проверка ддс,0,13,0%,32.62
momsnummer norge,0,13,0%,32.69
vat norge,0,13,0%,55.77
switzerland vat,0,13,0%,66.46
vat holland,0,13,0%,68.77
vat number,0,13,0%,75
spanish vat registration threshold,0,13,0%,76.85
vies prüfung,0,12,0%,26.33
vat id greece,0,12,0%,31.17
проверка на ддс в ес,0,12,0%,32.17
käibemaksu kalkulaator,0,12,0%,50.33
vat belgium,0,12,0%,62.75
norway vat,0,12,0%,69.83
belgium standard vat rate 21%,0,11,0%,3.64
european commission vat rates poland 23% standard rate,0,11,0%,5
vat provjera,0,11,0%,25.64
vat registration number prüfen,0,11,0%,46.91
vat leasing slovakia,0,11,0%,54.73
vat number belgium,0,11,0%,60.64
vat validation uk,0,11,0%,64.18
numar vat romania,0,11,0%,71.55
vat in estonia,0,11,0%,72
vat number ireland,0,11,0%,73.09
vat,0,11,0%,75.18
norway sales tax,0,11,0%,76.18
poland vat,0,11,0%,79.73
vat registration austria,0,11,0%,83.73
vat registration in austria,0,11,0%,85.27
hungary standard vat rate 27%,0,10,0%,3.6
portugal vat standard rate 23%,0,10,0%,7.3
vat calculator estonia,0,10,0%,8.2
vat numeris,0,10,0%,21.2
vies deutschland,0,10,0%,27.9
kontrola vat,0,10,0%,29.3
vat na słowacji,0,10,0%,35.4
vies ust id,0,10,0%,43.6
uid nummer prüfen vies,0,10,0%,47.6
vat number italy,0,10,0%,51.9
vat number portugal,0,10,0%,61.7
vat nummer prüfen,0,10,0%,67.6
vat validation vies,0,10,0%,74.3
vies vat number validation,0,10,0%,75.9
poland standard vat rate 23,0,9,0%,8.11
mva i irland,0,9,0%,23.33
validar vat,0,9,0%,30.11
ověření dič,0,9,0%,44.11
vat checker,0,9,0%,44.44
pvn aprēķins,0,9,0%,44.67
norway vat format,0,9,0%,45.67
netherlands vat rate,0,9,0%,50.67
esxxxxxxxxx,0,9,0%,51.33
vies validation,0,9,0%,52.67
vat greece,0,9,0%,63.78
vat in italy,0,9,0%,68
vat italia,0,9,0%,77.22
norwegian value added tax,0,9,0%,79
italy value added tax,0,9,0%,93
how much is vat in the uk,0,9,0%,94.56
standard vat rate poland 23,0,8,0%,8.88
vies kontroll,0,8,0%,9.25
preverjanje davčne številke v eu,0,8,0%,16.88
vat numbri kontroll,0,8,0%,24.25
vies mwst prüfen,0,8,0%,25.38
btw tarieven europa 2026,0,8,0%,29.25
turkey vat rate,0,8,0%,34.38
vies abfrage,0,8,0%,37
vies abfrage ust id nummer,0,8,0%,50.38
poland vat number,0,8,0%,56.5
btw tarief griekenland,0,8,0%,57.5
vat finland,0,8,0%,59.5
vat number spagna,0,8,0%,63.88
belgium vat,0,8,0%,66
vat spanien,0,8,0%,67.12
uk vat rate,0,8,0%,70.25
vat numbers netherlands,0,8,0%,72.62
vies vat checker,0,8,0%,73.25
vies vat validation,0,8,0%,74
german vat number,0,8,0%,74.38
vat number spain,0,8,0%,76.5
romania vat rate,0,8,0%,77
btw in duitsland,0,8,0%,77.88
hungary standard vat rate 27,0,7,0%,6.86
poland standard vat rate 23% official european commission,0,7,0%,7.43
somija pvn likme,0,7,0%,8.57
european commission vat rates bulgaria standard rate 20%,0,7,0%,8.71
belgium vat calculator,0,7,0%,9.43
vat id provjera,0,7,0%,19.43
vies baza provjera pdv id,0,7,0%,21.43
how to get a vat number in norway,0,7,0%,22.14
vat kontroll,0,7,0%,24.86
vat number turkey check,0,7,0%,26.43
norway vat number example,0,7,0%,29.71
vat number finland,0,7,0%,31
ověření dič eu,0,7,0%,31.71
vies baza provjera,0,7,0%,32.57
eu vat number for uk,0,7,0%,35.14
kalkulators pvn,0,7,0%,41.86
vat calculator ireland,0,7,0%,49.14
spain vat rate,0,7,0%,49.43
käibemaksu arvutus,0,7,0%,50
vies momsnummer,0,7,0%,54.29
eu moms,0,7,0%,58.14
btw tarieven frankrijk,0,7,0%,58.29
pvn aprēķināšana,0,7,0%,59.71
btw tarieven europa 2025,0,7,0%,67.14
vies check vat number,0,7,0%,70.14
vat in netherlands,0,7,0%,71.29
vat in switzerland,0,7,0%,74.86
btw tarieven oostenrijk,0,7,0%,75.29
german vat,0,7,0%,78.71
care este vat number romania,0,7,0%,80.86
vat registration hungary,0,7,0%,81.71
btw europa landen,0,7,0%,85.57
btw tarieven in europa,0,7,0%,86.86
vat tax italy,0,7,0%,88.86
portugal standard vat rate 23%,0,6,0%,3.17
vat calculator poland,0,6,0%,7.83
greece vat standard rate 24%,0,6,0%,8.33
italian vat calculator,0,6,0%,8.5
france standard vat rate 20% 2026,0,6,0%,9.33
vat broj provjera,0,6,0%,20
btw tarieven ierland,0,6,0%,23.83
жиес,0,6,0%,30.67
preverjanje davčnih številk eu,0,6,0%,34.67
bez pvn kalkulators,0,6,0%,35.5
vat broj,0,6,0%,36.33
how do i calculate vat,0,6,0%,39.33
mva i bulgaria,0,6,0%,40.17
ověření dič v eu,0,6,0%,40.67
italian vat number,0,6,0%,41.5
italy vat number,0,6,0%,43.33
km arvutamine,0,6,0%,43.83
slovakia vat rate,0,6,0%,46
btw percentages europa,0,6,0%,50.17
vat number sweden,0,6,0%,50.5
swedish vat,0,6,0%,54.33
norway vat rate,0,6,0%,55.17
kontrollera vat nummer eu,0,6,0%,55.33
italy vat rate,0,6,0%,55.67
vies vat check,0,6,0%,62.17
vat nummer prüfen eu,0,6,0%,63.17
vat vies,0,6,0%,63.17
vat in belgium,0,6,0%,65.17
vat ie,0,6,0%,66.67
vat number croatia,0,6,0%,66.83
vatinfo,0,5,0%,6.4
austria standard vat rate 20 percent,0,5,0%,6.8
greece standard vat rate 24,0,5,0%,7
poland standard vat rate 23% official,0,5,0%,7.2
austria standard vat rate 20%,0,5,0%,8
euroopa käibemaksu kontroll,0,5,0%,9.4
vat number parbaude,0,5,0%,9.4
vat calculator belgium,0,5,0%,10.2
sazby dph historie,0,5,0%,18.4
vat number in luxembourg,0,5,0%,18.4
vat-api för pos,0,5,0%,21.4
vies provjera pdv id broja,0,5,0%,23.8
ωιες,0,5,0%,24.6
vat number in the czech republic,0,5,0%,24.8
проверка за ддс номер,0,5,0%,31.4
dansk vat nummer,0,5,0%,31.6
pvn pārbaude,0,5,0%,38
irish vat calculator,0,5,0%,40
vies umsatzsteuer,0,5,0%,43.2
iva austria,0,5,0%,43.6
vat number greece,0,5,0%,45.2
vat nummer norge,0,5,0%,46.2
vies vat,0,5,0%,47.6
german vat rate,0,5,0%,47.8
vat number latvia,0,5,0%,50.6
vat sweden,0,5,0%,52.6
vies registrierung,0,5,0%,57.2
btw in zweden,0,5,0%,57.4
how much vat in uk,0,5,0%,57.8
italian vat numbers,0,5,0%,60.2
latvia vat,0,5,0%,63
united kingdom vat rate,0,5,0%,66.4
vies ust id prüfen,0,5,0%,66.6
verify vat number,0,5,0%,67.2
vat check vies,0,5,0%,67.4
btw tarieven italie,0,5,0%,67.8
vat registration number,0,5,0%,71.6
vat rates ireland,0,5,0%,71.8
vat-nummer,0,5,0%,72
vat nummer eu,0,5,0%,74.4
vat tax belgium,0,5,0%,75.6
uk europe vat,0,5,0%,75.8
vat id germany,0,5,0%,76.6
value added tax greece,0,5,0%,77.8
vat netherlands,0,5,0%,78.2
france vat rate,0,5,0%,79
vat rates in europe,0,5,0%,79.4
momsnummer sverige,0,5,0%,80.6
germany vat,0,5,0%,81.4
vat switzerland,0,5,0%,82.6
vat registration number germany,0,5,0%,83
italy vat,0,5,0%,92.2
spain vat,0,5,0%,92.4
iva en europa,0,5,0%,94.6
vat in germany,0,5,0%,98
austria standard vat rate,0,4,0%,2
iceland vat standard rate 24%,0,4,0%,4.25
belgium standard vat rate 21% 2026,0,4,0%,4.5
infovat,0,4,0%,5
poland vat 23% standard rate,0,4,0%,5.25
standard vat rate poland 23%,0,4,0%,5.5
poland standard vat rate 23% 2026,0,4,0%,6
austria vat standard rate 20%,0,4,0%,7
poland vat rate standard 23%,0,4,0%,7
poland standard vat rate 23% european commission,0,4,0%,7.5
denmark vat rate current,0,4,0%,8.5
national revenue agency bulgaria vat standard rate 20%,0,4,0%,8.75
turkey vat standard rate 20%,0,4,0%,9.5
vat nr kontroll,0,4,0%,10
overenie vies,0,4,0%,18.25
provjera pdv broja,0,4,0%,18.75
vat check germany,0,4,0%,20
vat tikrinimas,0,4,0%,21.25
vat id belgium,0,4,0%,22.25
vat number denmark,0,4,0%,22.25
ελεγχοσ αφμ vies,0,4,0%,25
vat lu,0,4,0%,25.25
vies ověření dič,0,4,0%,29.25
ověření plátce dph eu,0,4,0%,30.75
vat rate belgium,0,4,0%,33.5
виес,0,4,0%,33.5
current vat rate in turkey,0,4,0%,34.75
momsberegner,0,4,0%,36.5
finnish vat number,0,4,0%,36.75
eu tax number validation api,0,4,0%,37.25
käibemaksu arvutamine,0,4,0%,37.25
vat austria,0,4,0%,38.75
vat no italy,0,4,0%,40.25
latvian vat number,0,4,0%,41.25
vat-numero,0,4,0%,43
vies baza,0,4,0%,43.75
sweden vat rate,0,4,0%,44
danske momsnumre,0,4,0%,44.75
vat noruega,0,4,0%,46.25
aliquota iva in spagna,0,4,0%,48.25
moms spanien,0,4,0%,48.25
vat rate in malta,0,4,0%,48.25
nl vat,0,4,0%,49
vat no norway,0,4,0%,49.5
europe vat rates,0,4,0%,50.25
vat nr danmark,0,4,0%,50.5
vat amount,0,4,0%,51.75
vat rate in italy,0,4,0%,51.75
vat id italy,0,4,0%,54.25
danish vat rate,0,4,0%,54.75
standard vat rate turkey 20%,0,4,0%,55
vat nummer deutschland prüfen,0,4,0%,56.25
eu vat number checker,0,4,0%,58.75
vat number search,0,4,0%,58.75
btw percentage duitsland,0,4,0%,59.25
vat nr,0,4,0%,59.75
moms tyskland,0,4,0%,60
vat refund france calculator,0,4,0%,60.5
find vat number,0,4,0%,62
european vat rates,0,4,0%,62.25
sök momsregistreringsnummer,0,4,0%,64
estonia vat,0,4,0%,65.5
vies btw,0,4,0%,65.5
denmark vat id,0,4,0%,65.75
vat nl,0,4,0%,65.75
vat europe,0,4,0%,66
vat in romania,0,4,0%,68.25
vat in poland,0,4,0%,68.75
italy vat registration number,0,4,0%,69
vat number hungary,0,4,0%,69
vies vat number verification,0,4,0%,69.5
uk vat number checker,0,4,0%,74.5
vat spain,0,4,0%,74.5
проверка ват номер,0,4,0%,75.75
romania vat,0,4,0%,76.5
momsnummer,0,4,0%,78.5
norway vat registration,0,4,0%,78.5
vat number validation,0,4,0%,81.5
how much is vat in uk,0,4,0%,87.5
vat tax denmark,0,4,0%,88
european union vat rates,0,4,0%,89
btw percentage europa,0,4,0%,92.5
vat germany,0,4,0%,93.25
hungary vat rate 27% standard,0,3,0%,2
italy standard vat rate 22%,0,3,0%,2
norway standard vat rate 25%,0,3,0%,2
hungary vat rate 27% standard rate,0,3,0%,2.67
portugal vat rate standard 23%,0,3,0%,3.67
european commission vat rates poland standard 23%,0,3,0%,4
netherlands standard vat rate 2026 21%,0,3,0%,4
vat calculator hungary,0,3,0%,6
vat rate poland standard 23%,0,3,0%,6
chxxxxxxxxx,0,3,0%,8
slovakia standard vat rate 2026 23%,0,3,0%,8.33
greece standard vat rate 24%,0,3,0%,9.33
netherlands vat standard rate 21% reduced rate 9%,0,3,0%,9.33
denmark standard vat rate 25%,0,3,0%,10.33
hungary standard vat 27,0,3,0%,10.33
portugal standard vat 23%,0,3,0%,10.67
european commission vat rates bulgaria 20% standard rate,0,3,0%,11
bgxxxxxxxxx,0,3,0%,14.33
vies steuerprüfung,0,3,0%,17
alv tunnus suomi,0,3,0%,19.33
verifica partita iva regno unito,0,3,0%,21.33
vat rate belgium 2018,0,3,0%,24
vat rate in poland,0,3,0%,24.33
vat kontrola,0,3,0%,25
vat es,0,3,0%,25.33
vies ελεγχοσ αφμ,0,3,0%,25.33
vat belgica,0,3,0%,25.67
moms validering,0,3,0%,29.67
ověření dič vies,0,3,0%,30
slovenia vat rate,0,3,0%,30
vat rate in belgium,0,3,0%,31
eu vat api,0,3,0%,31.67
luksemburg stawka vat,0,3,0%,33.67
pdv broj provjera,0,3,0%,34
vat danmark,0,3,0%,34
αφμ vies,0,3,0%,35.67
validar vat number,0,3,0%,36
turkey vat number example,0,3,0%,36.33
vat luksemburg,0,3,0%,36.33
validate vat,0,3,0%,37
veis dič,0,3,0%,37.33
check vat,0,3,0%,39.67
dk moms,0,3,0%,41
stawka vat belgia,0,3,0%,41
vat lookup api,0,3,0%,41
vat id finland,0,3,0%,42
проверка на ддс номер,0,3,0%,42
vat be,0,3,0%,42.67
vat rate portugal,0,3,0%,43
vies comprobar,0,3,0%,43
20 vat calculator,0,3,0%,43.33
how much is the vat,0,3,0%,43.33
swiss vat number,0,3,0%,43.33
vat number turkey,0,3,0%,43.33
switzerland vat number,0,3,0%,43.67
vat numero,0,3,0%,44
czech republic vat rates,0,3,0%,44.67
mwst finnland,0,3,0%,45
vat number schweiz,0,3,0%,45
vat id danmark,0,3,0%,45.33
umsatzsteueridentnummer vies,0,3,0%,45.67
vat number poland,0,3,0%,46
vat bg,0,3,0%,46.67
проверка ддс регистрация,0,3,0%,46.67
vat dk,0,3,0%,47.33
greece vat number,0,3,0%,47.67
vat number slovenia,0,3,0%,47.67
vat rates by country,0,3,0%,47.67
vat registration number luxembourg,0,3,0%,47.67
vat in sweden,0,3,0%,48.67
moms i spanien,0,3,0%,49.67
vat italy number,0,3,0%,50
vat percentage by country,0,3,0%,50
steuersatz irland,0,3,0%,50.33
malta vat rates,0,3,0%,50.67
vat number malta,0,3,0%,51.33
vat number validation uk,0,3,0%,51.33
vat vies validation,0,3,0%,52.33
eu vat number lookup,0,3,0%,53.67
luxemburg btw tarief,0,3,0%,53.67
valid vat,0,3,0%,55
vat number in italy,0,3,0%,55
check eu vat number,0,3,0%,56.33
vat no germany,0,3,0%,56.67
vat number for switzerland,0,3,0%,56.67
vat number slovakia,0,3,0%,56.67
german vat numbers,0,3,0%,57.33
verification of vat number,0,3,0%,57.33
momsnummer eu,0,3,0%,57.67
vat rate in netherlands,0,3,0%,58
vat registration number greece,0,3,0%,58.67
eu vat number,0,3,0%,59
kontrollera momsregistreringsnummer,0,3,0%,60
vat verification,0,3,0%,60
greek vat number,0,3,0%,60.67
vat id check,0,3,0%,61
norge vat,0,3,0%,61.33
vat calculator 5,0,3,0%,61.33
vies dph,0,3,0%,61.67
luxembourg vat rate,0,3,0%,62
vat check gb,0,3,0%,62.33
vat numurs,0,3,0%,62.33
eu vat number checking,0,3,0%,63
rate of vat in italy,0,3,0%,63
slovakia vat,0,3,0%,63.67
vat amount in uk,0,3,0%,63.67
momsregistreringsnummer,0,3,0%,64.67
vat norvegia,0,3,0%,64.67
vat nr uk,0,3,0%,64.67
sweden vat,0,3,0%,65
vat number austria,0,3,0%,65
vat number in poland,0,3,0%,66.33
vat check uk,0,3,0%,66.67
vat denmark,0,3,0%,67
dutch vat rate,0,3,0%,67.33
vat no,0,3,0%,67.33
italy vat rates,0,3,0%,68
vat id,0,3,0%,68
denmark vat rate,0,3,0%,68.33
mwst irland,0,3,0%,68.33
vat registration number ireland,0,3,0%,69
vat price,0,3,0%,69.33
vat croatia,0,3,0%,70.67
check vat nummer,0,3,0%,71.33
vat estonia,0,3,0%,71.33
ověřeni dič,0,3,0%,71.67
what rate is vat in ireland,0,3,0%,72
momsregistreringsnummer sverige,0,3,0%,72.33
vat tax number,0,3,0%,72.67
vat prüfen,0,3,0%,73
calculate the vat,0,3,0%,73.33
vat tax norway,0,3,0%,73.33
verify vat number europe,0,3,0%,73.67
value added tax denmark,0,3,0%,74.33
vat no spain,0,3,0%,75.67
vat tax in netherlands,0,3,0%,76
french vat rates,0,3,0%,76.33
check vies vat number,0,3,0%,79
irish vat rate,0,3,0%,79.33
polish vat,0,3,0%,80
romania vat rates,0,3,0%,80.67
uk vat percentage,0,3,0%,82
finland vat,0,3,0%,82.33
vies vat number,0,3,0%,82.33
vat for switzerland,0,3,0%,82.67
value added tax netherlands,0,3,0%,83.33
vat rate romania,0,3,0%,83.67
romanian vat number,0,3,0%,84.33
vat czech,0,3,0%,86.33
sprawdzanie nip unijny,0,3,0%,88.33
vat tax in spain,0,3,0%,94.33
vat nummer sverige,0,3,0%,97.67
hungary standard vat rate 2026 official,0,2,0%,2
latvia vat rate 21% standard rate,0,2,0%,2
standard vat rate belgium 21%,0,2,0%,2
lithuania standard vat rate,0,2,0%,4
netherlands standard vat rate 21% official,0,2,0%,4
czech republic vat reduced rate 12% 2026,0,2,0%,4.5
france vat rate 20% standard rate,0,2,0%,4.5
netherlands vat reduced rate 9% food 2026,0,2,0%,5
european commission poland standard vat rate 23%,0,2,0%,6
poland vat standard rate 23% official,0,2,0%,6
vat calculator greece,0,2,0%,6
belgium vat rate 21% standard rate,0,2,0%,6.5
greece standard vat 24%,0,2,0%,6.5
latvia vat standard rate 21%,0,2,0%,6.5
standard vat rate portugal 23,0,2,0%,6.5
vat calculator denmark,0,2,0%,6.5
hungary vat standard rate 27% official,0,2,0%,7
netherlands vat standard rate 21% reduced 9% 2026,0,2,0%,7
czech republic vat rate standard 21%,0,2,0%,7.5
hungary vat rate 27%,0,2,0%,7.5
lithuania vat standard rate 21%,0,2,0%,7.5
poland vat standard rate 23% european commission,0,2,0%,7.5
23.00,0,2,0%,8
18 vat calculator,0,2,0%,8.5
moms calculator denmark,0,2,0%,8.5
slovakia vat rate 2026 standard rate,0,2,0%,8.5
vatcalculator,0,2,0%,8.5
αφμ αυστριασ,0,2,0%,8.5
european commission vat rates poland standard 23,0,2,0%,9
poland vat rate 23% official,0,2,0%,9.5
vat rate austria,0,2,0%,9.5
czech republic vat rates 2026 standard 21 reduced 12,0,2,0%,10
norway vies,0,2,0%,10
denmark vat number check,0,2,0%,10.5
portugal standard vat 23,0,2,0%,10.5
netherlands vat rates 2026 standard 21 reduced 9,0,2,0%,11
poland vat standard rate 23 official,0,2,0%,11
bulgaria standard vat rate 20%,0,2,0%,11.5
hungary standard vat 27%,0,2,0%,11.5
standard vat rate greece 24,0,2,0%,12
vat number dk,0,2,0%,12.5
french vat calculator,0,2,0%,13.5
norway vat checker,0,2,0%,14.5
eexxxxxxxxx,0,2,0%,15
vat number check malta,0,2,0%,15
vat number romania check,0,2,0%,15
vat suomi,0,2,0%,15
vat patikra,0,2,0%,16
проверка vat,0,2,0%,17.5
vat rate holland,0,2,0%,19.5
mis on vat number,0,2,0%,20.5
vat number bg,0,2,0%,20.5
iva bulgaria,0,2,0%,21
vies ověření,0,2,0%,21
malta vat number check,0,2,0%,22
vat france calculator,0,2,0%,22
vat calculator france,0,2,0%,23
vat id czech republic,0,2,0%,23
ελεγχος αφμ,0,2,0%,24
vies validatie,0,2,0%,24.5
danish vat number,0,2,0%,25
turkey vat number,0,2,0%,25
vat in euro,0,2,0%,25
vat nomer,0,2,0%,25
vat calc,0,2,0%,26
vat italy rate,0,2,0%,26
austria vat,0,2,0%,26.5
αφμ κυπρου,0,2,0%,26.5
pvn numura pārbaude,0,2,0%,27
turkey vat number check,0,2,0%,28
stawka vat w czechach,0,2,0%,28.5
vat number ee,0,2,0%,28.5
ověření dič sk,0,2,0%,29
vat nr norge,0,2,0%,29
vat number ch,0,2,0%,29
what is the vat on 100,0,2,0%,30
vat services in norway price,0,2,0%,30.5
vat number lithuania,0,2,0%,31
european vat number validation api,0,2,0%,31.5
finland vat number,0,2,0%,32
netherlands vat rates,0,2,0%,32
validacion vat,0,2,0%,32
validate eu vat number,0,2,0%,32.5
partita iva uk,0,2,0%,33.5
alv numeron tarkistus,0,2,0%,34
vat on 2000,0,2,0%,35
ελεγχοσ αφμ εξωτερικου,0,2,0%,35
belgia stawka vat,0,2,0%,36
es pvn reģistrs,0,2,0%,36
how much vat,0,2,0%,36
netherland vat rate,0,2,0%,36
preverjanje davčne številke,0,2,0%,36
vat number cz,0,2,0%,36
vat number norway example,0,2,0%,37
vat rate in spain,0,2,0%,37
eu vat number validation api provider,0,2,0%,38.5
suisse vat,0,2,0%,38.5
vat number swiss,0,2,0%,38.5
belgium vat rates,0,2,0%,39
ch vat number,0,2,0%,39
how much is vat in spain,0,2,0%,39
lithuania vat rate,0,2,0%,39
vat code poland,0,2,0%,39
vat number greece example,0,2,0%,39
har norske vat nummer et prefix?,0,2,0%,39.5
kontrol af momsnummer,0,2,0%,39.5
vat number checker,0,2,0%,40
vat id luxembourg,0,2,0%,40.5
5000 plus moms,0,2,0%,41
cuanto es el vat en uk,0,2,0%,41
проверка ддс номер,0,2,0%,41
iva en austria,0,2,0%,41.5
swedish vat rate,0,2,0%,41.5
find vat number malta,0,2,0%,42
ro vat,0,2,0%,42
euro vat tax,0,2,0%,42.5
validar vies,0,2,0%,42.5
vatmap,0,2,0%,42.5
btw vies,0,2,0%,43
vat francia,0,2,0%,43
vat rates poland,0,2,0%,43
ддс проверка,0,2,0%,43
vies eu,0,2,0%,44
swedish vat number,0,2,0%,44.5
irish vat numbers,0,2,0%,45.5
overenie vat,0,2,0%,45.5
momsregistreringsnummer eu,0,2,0%,46
partita iva regno unito,0,2,0%,46
italian vat id,0,2,0%,46.5
vat nummer prüfen deutschland,0,2,0%,46.5
vat rate finland,0,2,0%,46.5
moms id,0,2,0%,47
btw tarieven europa,0,2,0%,48
romanian vat,0,2,0%,48
vies vat no validation,0,2,0%,48
switzerland vat code,0,2,0%,48.5
vat id check germany,0,2,0%,48.5
iva estonia,0,2,0%,49
verificacion vies,0,2,0%,49
check irish vat number,0,2,0%,50
tax free italy calculator,0,2,0%,50
vat checker ireland,0,2,0%,50
vat in greece,0,2,0%,50
vies european,0,2,0%,50.5
btw in italie,0,2,0%,52
kontrollera vat nummer,0,2,0%,52
ireland vat number format,0,2,0%,52.5
vat number in france,0,2,0%,52.5
eire vat rate,0,2,0%,53
irish vat number check,0,2,0%,53
validate vat number,0,2,0%,53
vat numbers ireland,0,2,0%,53.5
vat search,0,2,0%,53.5
consulta vies europa,0,2,0%,54
iva a malta,0,2,0%,54
iva romania,0,2,0%,54
vat malta,0,2,0%,54
vat rate italy,0,2,0%,54.5
eu vat numbers check,0,2,0%,55
vat id slovakia,0,2,0%,55.5
vat number checking,0,2,0%,55.5
what is vat number in norway,0,2,0%,55.5
vat rates germany,0,2,0%,56
iva in romania,0,2,0%,56.5
lithuania vat,0,2,0%,56.5
vat identification number ireland,0,2,0%,56.5
vat verify,0,2,0%,56.5
eu vat nummer,0,2,0%,57
vat number italy example,0,2,0%,57.5
switzerland vat rate,0,2,0%,58
vat numbers italy,0,2,0%,59
irish vat number,0,2,0%,60
vat number check eu,0,2,0%,60
180 + vat,0,2,0%,60.5
vies vat registration number checker,0,2,0%,61
eu vat number verification,0,2,0%,61.5
nl vat number,0,2,0%,61.5
turkey vat number format,0,2,0%,61.5
vat amount uk,0,2,0%,61.5
vat by country,0,2,0%,61.5
vat identifier,0,2,0%,61.5
vies btw check,0,2,0%,61.5
greece vat rates,0,2,0%,62.5
ireland vat number,0,2,0%,62.5
italian vat rates,0,2,0%,62.5
vat in europe by country,0,2,0%,62.5
vat rate netherlands,0,2,0%,62.5
germany vat rate,0,2,0%,63
проверка vat номера,0,2,0%,63
finnland mwst,0,2,0%,63.5
hungary vat number check,0,2,0%,63.5
kolla vat nummer,0,2,0%,63.5
vat number prüfen,0,2,0%,63.5
vat slovenia,0,2,0%,63.5
ддс калкулатор,0,2,0%,63.5
united kingdom vat calculator,0,2,0%,64
vat in italy rates,0,2,0%,64
vat rates in france,0,2,0%,64.5
vat validation europe,0,2,0%,64.5
vat vies sprawdzenie,0,2,0%,64.5
eu vat number check,0,2,0%,65
how to check vat registration number,0,2,0%,65
spanish vat rate,0,2,0%,65
vat in slovenia,0,2,0%,65
vat registration number italy,0,2,0%,65
tva verification,0,2,0%,65.5
vat id poland,0,2,0%,65.5
btw italie,0,2,0%,66
irland vat,0,2,0%,66
slowacja vat,0,2,0%,66
vat schweden,0,2,0%,66
vat number northern ireland,0,2,0%,67
vat registration number check,0,2,0%,67
btw frankrijk 2025,0,2,0%,67.5
btw landen europa,0,2,0%,67.5
btw tarief duitsland,0,2,0%,67.5
vat reg number,0,2,0%,67.5
check vat id,0,2,0%,68
austria stawka vat,0,2,0%,68.5
belgium vat tax,0,2,0%,68.5
greece vat,0,2,0%,68.5
iva en dinamarca,0,2,0%,68.5
vat no prüfen,0,2,0%,69
btw zwitserland,0,2,0%,69.5
danish vat number format,0,2,0%,69.5
nip unijny sprawdzenie,0,2,0%,69.5
verify eu vat number,0,2,0%,69.5
what is the vat rate in ireland,0,2,0%,69.5
vat code netherlands,0,2,0%,70
btw tarieven zwitserland,0,2,0%,70.5
vat no check,0,2,0%,70.5
iva in spagna,0,2,0%,71
spain vat code,0,2,0%,71
ie vat,0,2,0%,72
validation vat,0,2,0%,72
check vies,0,2,0%,72.5
iva olanda,0,2,0%,72.5
steuersatz finnland,0,2,0%,72.5
vat numero suomi,0,2,0%,72.5
vat reg no,0,2,0%,73
vies vat id check,0,2,0%,73
what are the vat rates in ireland,0,2,0%,73
weryfikacja vies,0,2,0%,73.5
denmark vat tax,0,2,0%,74
summa bez pvn,0,2,0%,74
hungary vat,0,2,0%,75
vat nr eu,0,2,0%,75
duitse btw tarieven,0,2,0%,75.5
icelandic vat registration for german company,0,2,0%,75.5
vat number überprüfen,0,2,0%,75.5
vies vat number check,0,2,0%,75.5
check vat numbers,0,2,0%,76
udenlandsk momsnummer,0,2,0%,76
vat numbers germany,0,2,0%,76
vat rate france,0,2,0%,76
svenskt vat nummer,0,2,0%,76.5
vat überprüfen,0,2,0%,76.5
check btw nummer,0,2,0%,77
verification vat,0,2,0%,77
verify european vat number,0,2,0%,77
vies number,0,2,0%,77
what is vat in greece,0,2,0%,77
de nummer prüfen,0,2,0%,77.5
eu tax number check,0,2,0%,77.5
norway vat tax,0,2,0%,77.5
schweiz vat nummer,0,2,0%,77.5
eu momsnummer,0,2,0%,78
vat rates eu,0,2,0%,78
kontrollera vat nr,0,2,0%,78.5
vat numbers in spain,0,2,0%,79
iva de alemania,0,2,0%,79.5
vat w estonii,0,2,0%,79.5
europe vat tax rate,0,2,0%,80
vat belgia,0,2,0%,80
vat tax in greece,0,2,0%,80
vat rate in france,0,2,0%,80.5
vat checker uk,0,2,0%,81
vat in hungary,0,2,0%,81
vat tax greece,0,2,0%,81
vies nip unijny weryfikacja,0,2,0%,81
irish rate of vat,0,2,0%,81.5
swiss vat tax,0,2,0%,81.5
what is vat in denmark,0,2,0%,81.5
vat for eu countries,0,2,0%,82.5
how much is a vat,0,2,0%,83
vat deutschland,0,2,0%,83.5
vat swiss,0,2,0%,83.5
european vat checker,0,2,0%,84
iva number italy,0,2,0%,84
sales tax in poland,0,2,0%,84
uk vat checker,0,2,0%,85
mwst prüfen,0,2,0%,85.5
vat code check,0,2,0%,86
spain vat numbers,0,2,0%,86.5
vat levels in europe,0,2,0%,86.5
vat prüfung,0,2,0%,86.5
hitta vat nummer,0,2,0%,87
hungary vat tax,0,2,0%,87
vat for norway,0,2,0%,87
vat number deutschland,0,2,0%,87
verificare vat,0,2,0%,87
vat nr sverige,0,2,0%,87.5
eu vat percentage,0,2,0%,88
gb vat rate,0,2,0%,88
value added tax austria,0,2,0%,88
vies check vat,0,2,0%,88
vies system,0,2,0%,88.5
vat id number germany,0,2,0%,89
italy sales tax,0,2,0%,89.5
vat svizzera,0,2,0%,89.5
european vat tax rates,0,2,0%,90
gross of vat,0,2,0%,90
vat id validation,0,2,0%,90
netherlands vat,0,2,0%,90.5
vat percentage,0,2,0%,90.5
vat tax rates by country,0,2,0%,90.5
where can i find my vat number,0,2,0%,90.5
denmark sales tax,0,2,0%,92
germany vat number,0,2,0%,92.5
how much is vat tax in france,0,2,0%,93.5
current vat rates uk,0,2,0%,94
how much uk vat,0,2,0%,94.5
how much vat do i pay,0,2,0%,95.5
value added tax germany,0,2,0%,98.5
vat rates european union,0,2,0%,99
belgium standard vat rate 21 official,0,1,0%,2
belgium vat rate 2026 21% standard,0,1,0%,2
czech republic vat standard rate 21% official,0,1,0%,2
france standard vat rate 20% official source,0,1,0%,2
hungary vat rate 27% official,0,1,0%,2
italy vat standard rate 22 official,0,1,0%,2
kyllä,0,1,0%,2
norway vat standard rate 25% official,0,1,0%,2
portugal standard vat rate 23,0,1,0%,2
portugal vat rate 23%,0,1,0%,2
portugal vat standard rate,0,1,0%,2
standard vat rate hungary 27%,0,1,0%,2
standard vat rate italy 22,0,1,0%,2
standard vat rate norway 25,0,1,0%,2
standard vat rate norway 25%,0,1,0%,2
sweden standard vat rate 2025,0,1,0%,2
sweden vat standard rate 25%,0,1,0%,2
vat rate spain standard,0,1,0%,2
luxembourg vat standard rate 17%,0,1,0%,3
vat map,0,1,0%,3
czech republic vat standard rate 2026 official,0,1,0%,4
france vat rate standard 2026 20%,0,1,0%,4
hungary vat standard rate 2026 official,0,1,0%,4
poland vat rate 2026 standard 23%,0,1,0%,4
poland vat standard rate 2026 23%,0,1,0%,4
poland vat standard rate 23% 2026,0,1,0%,4
romania standard vat rate 21% 2026 official,0,1,0%,4
standard vat rate lithuania,0,1,0%,4
amount including vat,0,1,0%,5
austria standard vat rate 20% official,0,1,0%,5
belgium vat standard rate 21% 2026,0,1,0%,5
czech republic standard vat rate 2026 official,0,1,0%,5
estonia vat rate 2026 24% official,0,1,0%,5
france vat rate 20% standard rate 2026,0,1,0%,5
france vat rate 2026 standard 20%,0,1,0%,5
hungary vat rate 27 percent standard rate,0,1,0%,5
italy standard vat rate 2026 22%,0,1,0%,5
netherlands vat calculator,0,1,0%,5
netherlands vat rate standard 21%,0,1,0%,5
poland standard vat rate 2026 23%,0,1,0%,5
slovakia vat rate 2026 23% official,0,1,0%,5
spain standard vat rate 21%,0,1,0%,5
standard vat rate poland,0,1,0%,5
standard vat rate sweden 2024,0,1,0%,5
turkey vat standard rate 2024,0,1,0%,5
vies polska,0,1,0%,5
austria pdv,0,1,0%,6
austria vat rate standard 20%,0,1,0%,6
austria vat standard rate 20% official,0,1,0%,6
czech republic standard vat rate 21% official,0,1,0%,6
european commission vat rates czech republic 2026 21 12,0,1,0%,6
european commission vat rates romania 2026 standard rate,0,1,0%,6
france vat rate standard 20% 2026,0,1,0%,6
greece vat calculator,0,1,0%,6
greece vat rate 24%,0,1,0%,6
netherlands vat rate 2026 reduced 9% standard 21%,0,1,0%,6
netherlands vat rates 2026 reduced rate 9% standard 21%,0,1,0%,6
poland vat standard rate 23 percent,0,1,0%,6
romania standard vat rate 2026,0,1,0%,6
slovakia vat rate 2026 23%,0,1,0%,6
verifica partita iva uk,0,1,0%,6
vies (vat information exchange system),0,1,0%,6
zł200.00,0,1,0%,6
avgiften,0,1,0%,7
belgium standard vat rate 21% official,0,1,0%,7
bulgaria vat standard rate 20%,0,1,0%,7
dk vat,0,1,0%,7
european commission vat rates poland 23%,0,1,0%,7
iva sweden,0,1,0%,7
slovakia standard vat rate,0,1,0%,7
swiss vat standard rate 2026,0,1,0%,7
verifica partita iva gb,0,1,0%,7
cota tva italia,0,1,0%,8
eu vat checker api,0,1,0%,8
greece vat standard rate 24% official,0,1,0%,8
poland vat rate 23% standard,0,1,0%,8
slovakia standard vat rate 23% 2026,0,1,0%,8
switzerland vat rate 2026 standard rate,0,1,0%,8
vies register,0,1,0%,8
belgium vat standard rate 21%,0,1,0%,9
ddv calculator,0,1,0%,9
greece vat rate 24% standard rate,0,1,0%,9
greek vat calculator,0,1,0%,9
lithuania vat rate 21%,0,1,0%,9
lu vat,0,1,0%,9
netherlands vat standard rate 21%,0,1,0%,9
pdv france,0,1,0%,9
slovenia vat rate 22% standard rate,0,1,0%,9
swiss vat standard rate 2026 8.1%,0,1,0%,9
tva calculator,0,1,0%,9
vat 23 calculator,0,1,0%,9
vat calculator sweden,0,1,0%,9
vat calulator,0,1,0%,9
vies baza podataka,0,1,0%,9
100.00,0,1,0%,10
5000 + moms,0,1,0%,10
belgium vat rate 21% standard,0,1,0%,10
czech republic vat rate 21%,0,1,0%,10
es vat pārbaude,0,1,0%,10
finland standard vat rate 25.5% 2026,0,1,0%,10
italy vat calculator,0,1,0%,10
italy vat standard rate 22%,0,1,0%,10
iva calculator spain,0,1,0%,10
lithuania standard vat rate 21%,0,1,0%,10
malta standard vat 18,0,1,0%,10
moms calculator,0,1,0%,10
nl vat calculator,0,1,0%,10
poland vat rate standard 23 percent,0,1,0%,10
price vat calculator,0,1,0%,10
ust id ie,0,1,0%,10
vat belgium calculator,0,1,0%,10
vat italy calculator,0,1,0%,10
verifica vies,0,1,0%,10
vies broj provjera,0,1,0%,10
21 vat calculator,0,1,0%,11
check turkish vat number,0,1,0%,11
check vat number turkey,0,1,0%,11
cota tva austria,0,1,0%,11
european commission vat rates romania standard rate 19%,0,1,0%,11
germany vat rates 2026 standard 19 reduced 7,0,1,0%,11
provjera vies,0,1,0%,11
spanish vat number check,0,1,0%,11
vat 18 percent,0,1,0%,11
vat calculator portugal,0,1,0%,11
vat rate in iceland,0,1,0%,11
vies validator,0,1,0%,11
aliquota iva malta,0,1,0%,12
fi vat,0,1,0%,12